"Signature","Position","Length","Spacer length","Mismatch count","Sequence","Spacer","Opposite"
"9-3-1","48","9","3","1","GAGCCACTG","GGA","CAGTGGCCC"
"6-1-1","56","6","1","1","GGGACA","G","TGGCCC"
"6-2-1","61","6","2","1","AGTGGC","CC","GCAACT"
"6-1-1","67","6","1","1","CCGCAA","C","TTGAGG"
"6-7-1","69","6","7","1","GCAACT","TGAGGAT","AGTAGC"
"9-8-1","78","9","8","1","GGATAGTAG","CCGAACTC","CTACTATAC"
"6-5-1","81","6","5","1","TAGTAG","CCGAA","CTCCTA"
"6-10-1","127","6","10","1","GTGCAT","CCTATCCGCC","ATCCAC"
"6-5-1","160","6","5","1","CAGTCG","GGATT","CGACCG"
"7-5-1","216","7","5","1","TGGGCAA","GTCTA","TTGCACA"
"6-6-1","235","6","6","1","CGGTGC","CTAGCT","GCACGG"
"6-9-1","236","6","9","1","GGTGCC","TAGCTGCAC","GGCCCC"
"6-10-1","257","6","10","1","TTCTCC","CCCTTTCCCA","GCAGAA"
"6-10-1","269","6","10","1","CCCAGC","AGAACCCTCG","GTTGGG"
"9-9-1","312","9","9","1","GCCTGCCAC","ACCACTCAC","GTGGGAGGC"
"7-7-1","346","7","7","1","ACATACC","CCACCAA","GGAATGT"
"7-1-1","365","7","1","1","GTCGACC","G","GGTGGAC"
"9-4-1","392","9","4","1","CGGGCATTT","ACCC","AATTGCCCG"
"6-5-1","410","6","5","1","CCCGCA","TGACG","TCCGGG"
"8-10-1","447","8","10","1","ACTCAACT","TTGTCGCCTC","AGTTGTGT"
"7-9-1","536","7","9","1","GCCGGTG","GTATCCTAT","CACTGGC"
"6-7-1","573","6","7","1","TGCACT","GTATGCA","AATGCA"
"10-4-1","573","10","4","1","TGCACTGTAT","GCAA","ATGCAGTGCA"
"8-1-1","584","8","1","1","CAAATGCA","G","TGCATGTG"
"6-7-1","592","6","7","1","GTGCAT","GTGAGTG","ATGAAC"
"6-0-1","618","6","0","1","TGGTTG","","CACCCA"
"8-9-1","619","8","9","1","GGTTGCAC","CCACGTGTT","GAGCAACC"
"6-2-1","667","6","2","1","CGCAAA","GG","TTTGTG"
"7-9-1","706","7","9","1","GTGTGGC","GCTACAAAG","GCAACAC"
"6-0-1","707","6","0","1","TGTGGC","","GCTACA"
"6-8-1","720","6","8","1","AGGCAA","CACAATTT","TTGTCT"
"6-1-1","725","6","1","1","ACACAA","T","TTTTGT"
"7-7-1","773","7","7","1","ATGATTC","TGTTCCC","GAACCAT"
"6-4-1","783","6","4","1","TCCCGA","ACCA","TGGGGA"
"6-1-1","856","6","1","1","AAAATT","G","AGTTTT"
"6-5-1","868","6","5","1","TCGAAC","TACCC","GTTTGA"
"6-3-1","923","6","3","1","TCTTCC","CAT","GCAAGA"
"7-4-1","952","7","4","1","TTCTCAA","AGTG","TTGGGAA"
"6-2-1","1056","6","2","1","AGTGGC","TG","GCCCCT"
"6-10-1","1097","6","10","1","GGTTGA","GAGCTGTGGT","TAAACC"
"8-1-1","1121","8","1","1","AACAAAAT","G","ATTATGTT"
"6-2-1","1221","6","2","1","TGGTGA","GT","TCTCCA"
"6-0-1","1247","6","0","1","GTGTGG","","CCACCC"
"6-3-1","1269","6","3","1","GTTTAG","GTT","CCAAAC"
"7-8-1","1307","7","8","1","CCCCAGG","GGACGGTG","CCTGTGG"
"6-2-1","1347","6","2","1","TATCAT","CA","ATGACA"
"8-8-1","1348","8","8","1","ATCATCAA","TGACATCT","TTGGTGAT"
"6-0-1","1375","6","0","1","CTTTGT","","ACCAAG"
"9-10-1","1390","9","10","1","ACTAACTGC","AGCAGGGACA","GCAGTGAGT"
"6-8-0","1405","6","8","0","GACAGC","AGTGAGTG","GCTGTC"
"6-9-1","1451","6","9","1","TGACGG","CCAGACTCC","CCGCCA"
"6-6-1","1498","6","6","1","TACAAA","TTGGAT","TGTGTA"
"6-5-1","1505","6","5","1","TGGATT","GTGTA","AATCAA"
"6-2-1","1550","6","2","1","ATCGAG","CC","CTCGGT"
"8-1-1","1553","8","1","1","GAGCCCTC","G","GTGGGCTC"
"8-8-1","1643","8","8","1","TGGAACTT","GCAGCAAA","AAGTCCCA"
"7-3-1","1743","7","3","1","CGATAGC","CTC","GCTGTCG"
"6-0-0","1796","6","0","0","TGGGGA","","TCCCCA"
"6-8-1","1802","6","8","1","TCCCCA","AGGATGAC","TGGGTA"
"6-5-1","1869","6","5","1","GCTGGA","CAAGT","TGCAGC"
"7-1-1","1887","7","1","1","TGGACTC","A","GACTCCA"
"6-9-1","1899","6","9","1","CCATGC","GACGTCCAA","GCCTGG"
"6-1-1","1911","6","1","1","CAAGCC","T","GGCTCG"
"6-1-1","1927","6","1","1","GCCTCA","G","TGAGTC"
"6-10-1","1936","6","10","1","AGTCCA","GCTAGCAGCA","TTGACT"
"10-2-1","1946","10","2","1","GCAGCATTGA","CT","TCAGTGCTGC"
"6-2-1","1956","6","2","1","CTTCAG","TG","CTGCAG"
"6-6-1","1965","6","6","1","TGCAGG","TCTGCT","CCTGGA"
"7-7-1","2008","7","7","1","GTCGTGG","CGGTGAA","CAACGAC"
"9-5-1","2022","9","5","1","CAACGACTG","CTACA","CAGTCCTTG"
"7-9-1","2037","7","9","1","AGTCCTT","GGGTTTGAT","AAGAACT"
"7-10-1","2047","7","10","1","TTTGATA","AGAACTCTGC","TACCAAA"
"6-2-1","2075","6","2","1","AACAAG","AG","CTTGCT"
"6-3-1","2081","6","3","1","AGCTTG","CTA","CAGGCT"
"7-3-1","2103","7","3","1","TGAGCTC","GTG","GAGCCCA"
"6-2-1","2123","6","2","1","AGACTT","CA","ACGTCT"
"7-3-1","2146","7","3","1","TCTAGGA","AAA","TCCTGGA"
"8-3-1","2176","8","3","1","GCTTTGAA","GAG","TGCAAAGC"
"7-2-1","2261","7","2","1","CCCGGGA","GG","TCCCTGG"
"8-4-1","2323","8","4","1","TCGGCTAC","TATC","GTACCCGA"
"6-2-1","2383","6","2","1","GCCCTT","AA","AAAGGC"
"6-4-1","2448","6","4","1","GGTTAA","ATGC","TTGACC"
"6-2-1","2463","6","2","1","CATCGT","TG","AGGATG"
"6-3-1","2482","6","3","1","GCATTT","TTG","AAAAGC"
"6-6-1","2505","6","6","1","CCCTGG","TGGGGC","CCTGGG"
"6-1-1","2513","6","1","1","GGGCCC","T","GGGCAC"
"6-3-1","2527","6","3","1","CGTGCT","AGA","ATCACG"
"7-8-1","2539","7","8","1","ACGGCTC","ACATTGTG","GAGCAGT"
"7-1-1","2551","7","1","1","GTGGAGC","A","GTTCCAC"
"6-8-1","2553","6","8","1","GGAGCA","GTTCCACG","TGATCC"
"6-4-1","2584","6","4","1","CCTGAA","TTGG","TTCTGG"
"6-7-1","2593","6","7","1","GTTCTG","GCCCATG","CTGAAC"
"6-8-1","2672","6","8","1","TTGGAG","AGGACACC","CTCAAA"
"6-3-1","2700","6","3","1","GAGCTC","CCA","GCGCTC"
"6-5-0","2711","6","5","0","GCTCCT","TACCC","AGGAGC"
"8-10-1","2720","8","10","1","CCAGGAGC","ATTGGGTTTG","GCGCCTGG"
"7-2-1","2742","7","2","1","CTGGTTG","AG","CGACCAG"
"6-0-1","2769","6","0","1","CGACAG","","CTGTGG"
"6-4-1","2788","6","4","1","GAATTT","GTGG","AAGTTC"
"6-1-1","2794","6","1","1","GTGGAA","G","TTCCGC"
"8-4-1","2800","8","4","1","GTTCCGCT","AAAG","AGCGGAGC"
"6-6-1","2833","6","6","1","TCCAAG","CGGGAT","CTAGGA"
"6-2-1","2891","6","2","1","GGTTGA","GT","TCATCC"
"7-6-1","2906","7","6","1","CTGCTTG","TGAGAT","CAAGGAG"
"6-2-1","2980","6","2","1","TGGTTG","AA","CCACCA"
"6-7-1","3050","6","7","1","GCCAAA","AGCTTAA","TTGGGC"
"6-7-1","3058","6","7","1","CTTAAT","TGGGCTG","ATTATG"
"6-0-1","3074","6","0","1","ATGTTT","","ACACAT"
"6-8-1","3227","6","8","1","TCCAGG","AGGTCCTA","CCTGAA"
"6-5-1","3233","6","5","1","AGGTCC","TACCT","GAACCT"
"6-2-1","3287","6","2","1","CAGCTC","TT","GAGCGG"
"6-6-1","3306","6","6","1","CGGTAA","TGGTGT","TCACCG"
"6-6-1","3316","6","6","1","GTTCAC","CGACCT","GTTAAC"
"6-10-1","3332","6","10","1","ACCATA","TTGGTGTTGG","TCTGGT"
"6-1-0","3385","6","1","0","GTGGGC","G","GCCCAC"
"8-3-1","3481","8","3","1","TGCAAAAA","GTG","TTTCTGCA"
"6-0-1","3516","6","0","1","ACCCCA","","TGAGGT"
"6-5-1","3543","6","5","1","CCCCCT","GACAA","AGGTGG"
"6-10-1","3564","6","10","1","ACCAAC","ACTAGAGGCA","GTTTGT"
"7-5-1","3652","7","5","1","GGTAAGG","TGAGC","CCTCACC"
"6-2-0","3657","6","2","0","GGTGAG","CC","CTCACC"
"9-6-1","3671","9","6","1","AGGTTACTG","ACAAGC","CAGTAAGCT"
"6-9-1","3731","6","9","1","CAGTGG","TCCCCCCAC","CTACTG"
"6-2-1","3755","6","2","1","CACAGC","AA","GCGGTG"
"6-1-0","3812","6","1","0","TCGGGG","T","CCCCGA"
"7-6-1","3920","7","6","1","ACTCCGC","TGCCAT","GCGGGGT"
"6-10-1","3955","6","10","1","CACCTG","ATTGTGGGCA","CCGGTG"
"7-10-1","4085","7","10","1","CTAGTCC","TGTGAGTTGT","GGACGAG"
"6-8-1","4109","6","8","1","GAACCA","ACGACCCC","TGGTGC"
"8-4-0","4161","8","4","0","GGGAGTTA","TGTG","TAACTCCC"
"6-5-1","4182","6","5","1","CCTCTG","CATCT","CTGAGG"
"7-6-1","4195","7","6","1","GAGGATG","GGCTTA","CATCCCC"
"6-10-1","4229","6","10","1","ACAGCC","TGATTGATTG","GGCTCT"
"6-7-1","4263","6","7","1","GATTGC","AACAGTG","GCCATC"
"6-5-1","4279","6","5","1","ATCTTT","ATTGC","AAAGGT"
"6-2-1","4366","6","2","1","ATTGCA","TT","TGCATT"
"6-2-0","4398","6","2","0","GGTGCA","CC","TGCACC"
"6-0-1","4505","6","0","1","TGGCGC","","GTGCCA"
"6-10-1","4548","6","10","1","TGTGCA","CCTGGTGACC","TCCACA"
"6-1-1","4571","6","1","1","CCCGCG","G","CGCGAG"
"6-3-1","4592","6","3","1","CTTCGG","CTC","CAGAAG"
"6-2-1","4602","6","2","1","AGAAGG","GA","CCTACT"
"6-0-0","4627","6","0","0","CGCCGA","","TCGGCG"
"6-8-1","4632","6","8","1","ATCGGC","GTTGACTG","GCCGGT"
"8-4-1","4657","8","4","1","ATGTTTGT","CCCC","ACAAACTT"
"8-8-1","4699","8","8","1","CTTAGGAC","TAGAGGCT","GTGCTAAG"
"7-9-1","4796","7","9","1","TGACTGC","TACGCACCT","GCTGTCA"
"6-4-1","4807","6","4","1","CACCTG","CTGT","CAGATG"
"6-2-1","4889","6","2","1","CATTCG","CC","CGAGTG"
"7-5-1","4952","7","5","1","GGCGAGC","TTATT","GCTCACC"
"7-10-1","4981","7","10","1","TGGAGCC","TGGTTTTGTT","GGGTCCA"
"6-6-1","4990","6","6","1","GTTTTG","TTGGGT","CCAAAC"
"7-1-1","4994","7","1","1","TGTTGGG","T","CCAAACA"
"6-1-1","5004","6","1","1","AAACAC","T","GCGTTT"
"6-7-1","5031","6","7","1","TGGCGA","CTCTGGT","TCCCCA"
"6-8-1","5044","6","8","1","TCCCCA","GTAGTTGA","TGAGGA"
"7-7-1","5056","7","7","1","GATGAGG","ATGGCAA","CCTTATC"
"6-2-1","5076","6","2","1","CGGTGT","CC","ACACTG"
"6-9-1","5213","6","9","1","TCCGAT","TGCCCAAGC","ATCTGA"
"7-2-1","5286","7","2","1","GCCTACA","CC","TGAAGGC"
"6-0-1","5342","6","0","1","TGTGGC","","GCCTCA"
"7-2-1","5376","7","2","1","AATTGCA","GT","TGCATTT"
"8-9-1","5407","8","9","1","ATCTTGCC","TGTGGTGTT","GGCCAGAT"
"7-9-1","5481","7","9","1","GGTGCAA","GTGTTGCTG","TTGCGCC"
"7-9-1","5492","7","9","1","TGCTGTT","GCGCCTAGT","AATAGCA"
"7-0-1","5654","7","0","1","AAGAAAT","","ATTTGTT"
"6-3-1","5692","6","3","1","GCTTTG","CTC","CTAAGC"
"6-3-1","5749","6","3","1","GGCAGC","TTT","GATGCC"
"6-1-1","5830","6","1","1","ACACCT","G","AGGGGT"
"8-5-1","5843","8","5","1","TGACCGCC","GCCCT","GGCGATCA"
"6-6-1","5860","6","6","1","ATCACC","TTGTCT","GATGAT"
"6-0-1","5881","6","0","1","TTGGAA","","TTCCTA"
"7-6-1","5884","7","6","1","GAATTCC","TACAAC","GGCATTC"
"7-5-1","5911","7","5","1","AAGTGCT","TCGTC","AGCGCTT"
"7-1-1","5978","7","1","1","GTGCTCT","T","AGAGCTC"
"6-3-1","5996","6","3","1","TGGCTG","CCA","CAGACA"
"6-0-1","6014","6","0","1","TTAAGG","","CCTCAA"
"8-4-1","6037","8","4","1","GCCAAGCT","AGAG","AGCTTTGC"
"8-10-1","6051","8","10","1","CTTTGCTG","GAGGTGTTGT","CACCAAAG"
"6-3-1","6124","6","3","1","GACCTC","GTA","GAGATC"
"7-8-1","6128","7","8","1","TCGTAGA","GATCACCA","TCAACGA"
"6-9-1","6133","6","9","1","GAGATC","ACCATCAAC","GATGTC"
"6-0-1","6208","6","0","1","GTTGGT","","ACCATC"
"6-3-1","6240","6","3","1","CTGTGA","AGA","TCCCAG"
"6-4-1","6400","6","4","1","TTTCTG","GTGT","CTGAAA"
"7-9-1","6405","7","9","1","GGTGTCT","GAAAACTCG","AGACTCC"
"6-0-1","6526","6","0","1","AATAAG","","CATATT"
"6-7-1","6542","6","7","1","TTGCAG","TGACCAC","CTACAA"
"6-9-1","6550","6","9","1","ACCACC","TACAACCTG","GATGGT"
"6-3-1","6619","6","3","1","ATCGGA","GAT","TCTGAT"
"7-5-1","6627","7","5","1","TTCTGAT","CTGGA","AGCAGAA"
"6-9-1","6669","6","9","1","GAGACA","CATGGGTCA","TGACTC"
"6-0-1","6671","6","0","1","GACACA","","TGGGTC"
"6-0-1","6678","6","0","1","GGGTCA","","TGACTC"
"6-10-0","6687","6","10","0","CTCCTT","GCTGACTCCT","AAGGAG"
"8-5-1","6727","8","5","1","ATCATTGA","AAGCC","TCAATGGT"
"6-2-1","6819","6","2","1","GTGTCC","AA","GGACGC"
"6-0-1","6835","6","0","1","TCAAAA","","TTGTGA"
"6-1-1","6865","6","1","1","TCTCCA","T","TGGTGA"
"6-3-1","6883","6","3","1","ACTTGA","AGG","TCATGT"
"7-0-1","6888","7","0","1","AAGGTCA","","TGTCCTT"
"7-0-1","6911","7","0","1","CCGTCGT","","ACGATGG"
"6-9-1","6949","6","9","1","CCAAAC","TGACTGATG","GTGTGG"
"6-4-0","6973","6","4","0","TCATGC","GAAA","GCATGA"
"6-8-1","7007","6","8","1","CATCTT","GACTGGTG","AGGATG"
"7-6-1","7060","7","6","1","ACACCGG","GATCCA","CCGGTTT"
"6-3-1","7084","6","3","1","GGGACT","TTG","AATCCC"
"6-2-1","7112","6","2","1","AGAACT","TG","AGTTGT"
"6-0-1","7150","6","0","1","CCATGC","","GCAGGG"
"7-5-1","7156","7","5","1","GCAGGGG","TGATG","CCCCAGC"
"6-10-0","7186","6","10","0","CTTACA","AATTACATCC","TGTAAG"
"6-0-1","7223","6","0","1","ACATCG","","CGGTGT"
"8-2-1","7231","8","2","1","GTGTATTG","TT","CAATACCC"
"10-0-1","7291","10","0","1","AGCCGCTGCA","","TGCGGCGGCT"
"6-10-1","7362","6","10","1","ACTCTA","CCCCACGGTT","TTGAGT"
"6-10-1","7404","6","10","1","CCTAGT","GTTTTAGAGT","ACTTGG"
"9-0-1","7464","9","0","1","GGTTGCGCT","","AGCGCAGCC"
"7-6-1","7566","7","6","1","CGGCTGA","TTGGCG","TCAGACG"
"6-1-1","7575","6","1","1","GGCGTC","A","GACGTC"
"6-1-1","7580","6","1","1","CAGACG","T","CGCCTG"
"6-10-1","7582","6","10","1","GACGTC","GCCTGTTCAT","GCCGTC"
"6-10-1","7585","6","10","1","GTCGCC","TGTTCATGCC","GTCGAC"
"6-1-1","7596","6","1","1","ATGCCG","T","CGACAT"
"6-1-1","7625","6","1","1","GATGGC","A","GGCATC"
"6-10-1","7632","6","10","1","GGCATC","AACGGTGGCA","GATTCC"
"6-3-1","7642","6","3","1","GTGGCA","GAT","TCCCAC"
"6-4-1","7663","6","4","1","GGTTGC","AATC","GCATCC"
"7-5-1","7704","7","5","1","GCCTGTG","AGGAG","CACTGGC"
"7-8-1","7743","7","8","1","TTGAAAA","AGCAGTAC","TGTTCAA"
"6-0-1","7750","6","0","1","AGCAGT","","ACTGTT"
"6-9-1","7757","6","9","1","CTGTTC","AAAGAGCAA","GACCAG"
"6-3-1","7774","6","3","1","CCAGGA","CAA","TACTGG"
"6-3-1","7783","6","3","1","TACTGG","GGA","CCAATA"
"6-2-1","7793","6","2","1","CAATAA","CT","TTGTTG"
"6-5-0","7935","6","5","0","GAGGCT","GACCT","AGCCTC"
"6-8-1","7993","6","8","1","CAAATC","TGCTATTT","GAATTG"
"6-5-1","8022","6","5","1","GAAGAA","TGGAT","TCCTTC"
"6-2-1","8023","6","2","1","AAGAAT","GG","ATTCCT"
"6-4-1","8063","6","4","1","CGTGGT","CAGC","ACCATG"
"6-7-1","8070","6","7","1","AGCACC","ATGAGTG","GCTGCT"
"6-4-1","8084","6","4","1","CTGCTT","TGAT","AAGCGG"
"6-10-1","8090","6","10","1","TGATAA","GCGGGGAGGT","TTGTCA"
"7-2-1","8111","7","2","1","ATCAGGA","GA","TCCTGTT"
"7-4-1","8118","7","4","1","GATCCTG","TTAC","CAGCATC"
"6-8-1","8123","6","8","1","TGTTAC","CAGCATCA","GCAACA"
"6-5-1","8148","6","5","1","TATAGT","TTAAT","AATATA"
"6-4-1","8175","6","4","1","ATGGTG","TTAT","CAGCAT"
"9-6-1","8211","9","6","1","GGAGGCTTG","TTTTTG","CAAGACTCC"
"6-4-1","8231","6","4","1","CTCCCT","AGAA","ATGGAG"
"7-3-1","8246","7","3","1","GCAACTC","TTT","GAGTTAC"
"6-7-1","8260","6","7","1","TACAAC","CGTTGTT","GGTGTA"
"6-5-1","8288","6","5","1","CGTGGT","TTTCT","ACAACG"
"7-9-1","8349","7","9","1","GATTTAA","TGTTGGGGT","TTAAAAC"
"7-4-1","8373","7","4","1","GACAGGT","CCAA","AACTGTC"
"7-7-1","8400","7","7","1","GAACCCA","AACTTCC","TGGGTGC"
"6-7-1","8418","6","7","1","TGCCGC","ATATCTG","GCGGTA"
"6-9-1","8431","6","9","1","GCGGTA","GGGTCTTGG","TGCCGC"
"9-9-1","8447","9","9","1","GCCGCAACG","GGATCGTAT","CGTCGCGGC"
"6-10-1","8525","6","10","1","GGCGGC","TATCTTGATG","GACGCC"
"6-3-1","8551","6","3","1","CGTGTT","GTG","ATCACG"
"6-0-1","8555","6","0","1","TTGTGA","","TCACGA"
"6-7-1","8669","6","7","1","CCTTTC","GGCGGAA","GAAAAG"
"6-1-1","8670","6","1","1","CTTTCG","G","CGGAAG"
"6-1-1","8713","6","1","1","GCGGGG","C","CCCAGC"
"6-1-1","8834","6","1","1","TGAACA","G","TGCTCA"
"7-8-1","8910","7","8","1","CCGAAAG","TTGAGTTG","CTGTCGG"
"7-1-1","8926","7","1","1","TGTCGGT","G","AACGACA"
"6-2-1","8940","6","2","1","AAGGTG","AG","CAGCTT"
"7-1-1","8942","7","1","1","GGTGAGC","A","GCTTACC"
"6-6-0","8957","6","6","0","GCCTGG","GGCATA","CCAGGC"
"6-8-1","8987","6","8","1","TGTGTC","CGTGAGAC","GAGACA"
"6-7-1","9012","6","7","1","GGAAAT","GTGGTTG","ATCTCC"
"6-5-1","9025","6","5","1","ATCTCC","CGGAT","GGTGAT"
"6-5-1","9038","6","5","1","TGATTA","TCAAG","TAATGA"
"6-4-1","9066","6","4","1","ACATGT","GCTG","ACATCT"
"6-5-1","9075","6","5","1","GACATC","TCGAT","GGTGTC"
"6-6-1","9085","6","6","1","TGGTGT","CTGTAA","ACAGCA"
"7-1-1","9149","7","1","1","AACAACT","T","ACTTGTT"
"6-10-1","9213","6","10","1","ATGCTT","GATGTGGTCA","AAGCCT"
"6-2-1","9249","6","2","1","TTTGAT","CC","ACCAAA"
"7-6-1","9282","7","6","1","CCCGTCC","CTGGCC","GGACCGG"
"6-2-1","9283","6","2","1","CCGTCC","CT","GGCCGG"
"6-1-1","9291","6","1","1","GGCCGG","A","CCGGAC"
"6-10-1","9293","6","10","1","CCGGAC","CGGACCGACC","GTTCGG"
"6-0-1","9294","6","0","1","CGGACC","","GGACCG"
"6-5-1","9296","6","5","1","GACCGG","ACCGA","CCGTTC"
"7-5-1","9297","7","5","1","ACCGGAC","CGACC","GTTCGGT"
"7-0-1","9302","7","0","1","ACCGACC","","GTTCGGT"
"6-2-1","9304","6","2","1","CGACCG","TT","CGGTTG"
"7-2-1","9426","7","2","1","GGTGATT","TG","AATCAGC"
"6-5-1","9537","6","5","1","AATTCC","ATAAA","GAAATT"
"6-4-1","9569","6","4","1","GGTGCC","TCGC","GGCCCC"
"6-0-1","9575","6","0","1","TCGCGG","","CCCCGA"
"6-6-1","9579","6","6","1","GGCCCC","GACACT","GGGGTC"
"6-1-1","9625","6","1","1","GACAGG","T","CCTGAC"
"10-0-1","9643","10","0","1","ATCATCGCGA","","TCGCGTTGAT"
"6-9-1","9651","6","9","1","GATCGC","GTTGATGGA","GCCATC"
"8-2-1","9657","8","2","1","GTTGATGG","AG","CCATCACC"
"6-4-1","9661","6","4","1","ATGGAG","CCAT","CACCAT"
"7-2-1","9681","7","2","1","TCCAGCC","AA","GGCTGCA"
"6-5-1","9698","6","5","1","CTATGA","TGTGG","TCACAG"
"6-3-1","9737","6","3","1","CTTGAA","TTC","TGCAAG"
"7-5-1","9746","7","5","1","TGCAAGA","GCTCT","TGTTGCA"
"6-0-0","9748","6","0","0","CAAGAG","","CTCTTG"
"6-7-1","9790","6","7","1","TCATCT","ATGACCC","ATATGA"
"6-4-1","9828","6","4","1","CAAGTT","TTTG","AACATG"
"7-2-1","9840","7","2","1","CATGAGC","CA","GCTGATG"
"7-10-0","9864","7","10","0","TTTTGGT","GTGGGGATCA","ACCAAAA"
"6-4-1","9879","6","4","1","CAACCA","AAAA","TGATTG"
"9-1-1","9881","9","1","1","ACCAAAAAT","G","ATTGTTGGT"
"6-4-1","9900","6","4","1","GGTGTT","GTGA","AACAGC"
"6-10-1","9949","6","10","1","TGCAGC","AGCTGATGGG","GCTGGA"
"6-0-1","9951","6","0","1","CAGCAG","","CTGATG"
"8-6-1","9991","8","6","1","CCCAAGTT","GGTCAT","AATTTGGG"
"6-2-1","10027","6","2","1","CTGATT","TG","ATTCAG"
"6-9-1","10073","6","9","1","TTGGCC","CGTCGTAAC","GGCCCA"
"8-4-1","10074","8","4","1","TGGCCCGT","CGTA","ACGGCCCA"
"7-8-1","10153","7","8","1","CACGCGC","TGTCTTTT","GCGCGGG"
"6-6-1","10187","6","6","1","CCCGAG","TATATT","CTTGGG"
"8-2-1","10225","8","2","1","ATTATTTG","AC","CAAATATT"
"6-3-1","10266","6","3","1","CCTGAT","TCC","ATCATG"
"6-6-1","10335","6","6","1","GAATTT","GCAAAG","AAATGC"
"7-9-1","10359","7","9","1","CCCTTCA","TTGGCGAAG","TCAAGGG"
"6-8-1","10387","6","8","1","ATGTTG","GTGGATGT","CATCAT"
"7-2-1","10407","7","2","1","GTAACCT","CT","AGGTTCC"
"6-5-1","10557","6","5","1","AGCATG","GATTA","CAAGCT"
"6-3-1","10577","6","3","1","GGTTGA","TTT","TCAGCC"
"6-0-1","10637","6","0","1","GGGCAT","","ACGCCC"
"7-4-1","10653","7","4","1","GAAGCCA","TGTC","TCGCTTC"
"6-1-1","10715","6","1","1","ATTTGT","C","ACCAAT"
"6-8-1","10719","6","8","1","GTCACC","AATGCTAA","GGTGTC"
"8-1-1","10753","8","1","1","AGTACTCA","G","TGAGTGCT"
"7-5-1","10770","7","5","1","CATCAGT","TTCTG","ACTGAAG"
"6-8-1","10780","6","8","1","TGACTG","AAGTCGTC","CTGTCA"
"7-8-1","10787","7","8","1","AGTCGTC","CTGTCAAT","GACGCCT"
"6-0-1","10813","6","0","1","GTGAAG","","CTCCAC"
"6-3-1","10838","6","3","1","GCTGTT","TGC","AAGAGC"
"7-1-1","10845","7","1","1","GCAAGAG","C","CTATTGC"
"8-0-1","10885","8","0","1","TAAATGCA","","TACATTTA"
"6-2-1","10894","6","2","1","ACATTT","AC","AAACGT"
"6-5-1","10904","6","5","1","ACGTGG","GCCAT","CCACCT"
"6-7-1","10934","6","7","1","TTTTGC","CCGCCTT","GTAAAA"
"7-0-1","10953","7","0","1","GATACTG","","CAGTACC"
"6-5-1","10985","6","5","1","TGGGTA","CATGT","TTCCCA"
"6-5-1","10989","6","5","1","TACATG","TTTCC","CAAGTA"
"7-5-1","10995","7","5","1","TTTCCCA","AGTAA","TGGGTAA"
"6-6-1","11041","6","6","1","TGAAGA","TGCATT","TATTCA"
"6-2-0","11184","6","2","0","AGACTG","AC","CAGTCT"
"6-9-1","11212","6","9","1","ACTTTA","GAGATGCCA","TCAAGT"
"6-6-1","11222","6","6","1","TGCCAT","CAAGTT","ATGTCA"
"6-6-1","11234","6","6","1","ATGTCA","ACCAGA","TGCCAT"
"6-5-0","11246","6","5","0","TGCCAT","CCATT","ATGGCA"
"7-7-1","11342","7","7","1","GTCTCAC","CAAGGTC","GCGAGAC"
"8-4-1","11348","8","4","1","CCAAGGTC","GCGA","GACCTGGG"
"6-1-1","11409","6","1","1","ACTCAA","G","TTGTGT"
"7-1-1","11414","7","1","1","AGTTGTG","T","CACATCT"
"6-10-1","11471","6","10","1","AATGTC","TCGGCTTCCC","GCCATT"
"6-10-1","11478","6","10","1","CGGCTT","CCCGCCATTC","AGGCCG"
"6-4-1","11533","6","4","1","GCAATG","AAAC","CATAGC"
"7-5-1","11542","7","5","1","CCATAGC","CATCA","GCTTTGG"
"6-2-1","11584","6","2","1","TAGCTG","AG","CACCTA"
"6-10-1","11610","6","10","1","ATGCAA","TCTTCTGTCT","TTTCAT"
"6-2-1","11670","6","2","1","CTGCGT","CT","ACCCAG"
"7-2-1","11746","7","2","1","CACCTTA","TG","TAAGATG"
"6-0-1","11773","6","0","1","TGAGAA","","TTCTTA"
"6-7-1","11789","6","7","1","TCCCAC","CCTTTTT","GTGTGA"
"8-4-0","11819","8","4","0","TGTGAGGA","GTCA","TCCTCACA"
"6-6-1","11852","6","6","1","GACTTC","CCCGAT","GATGTC"
"6-10-1","11876","6","10","1","TTGTCC","TCAATATATG","GCACAA"
"6-7-1","11913","6","7","1","TGGTGT","TCGCCAT","ACATCA"
"10-10-1","11921","10","10","1","GCCATACATC","AAGTCCCATC","GATGTTTGGC"
"6-1-1","12012","6","1","1","ACAATC","A","GAATGT"
"6-8-1","12067","6","8","1","GTATGT","GTTAGAGT","ACATTC"
"6-5-1","12115","6","5","1","GAATGT","CTCCT","ACTTTC"
"7-0-1","12142","7","0","1","CACTGCC","","GGCCGTG"
"7-10-1","12166","7","10","1","GCTGTGA","GTGTTTTTAA","TCATAGC"
"6-5-1","12192","6","5","1","CATCCC","ATTAG","GGAATG"
"7-4-1","12208","7","4","1","GGTCTGC","TGAT","GCATACC"
"6-2-1","12221","6","2","1","ATACCC","AA","GGGTGT"
"7-0-1","12231","7","0","1","GTGTCAT","","ATTACAC"
"9-3-1","12259","9","3","1","GACCCATGT","TAC","ACATGGATC"
"9-0-1","12295","9","0","1","GTTGGAATT","","AATTTCAAC"
"6-1-1","12335","6","1","1","ATGTTG","C","CAACTT"
"7-7-1","12359","7","7","1","CTGCGTG","CTTAATA","CACGCGG"
"6-9-1","12365","6","9","1","GCTTAA","TACACGCGG","TTGAGC"
"6-5-1","12389","6","5","1","AGGAAA","CTGGA","TTTCAT"
"6-5-1","12407","6","5","1","CACAAT","TTTTT","AATGTG"
"6-1-1","12443","6","1","1","GTATAA","A","TTTTAC"
"8-5-1","12456","8","5","1","TGAGTATG","TGAGT","CATATTCA"
"6-1-1","12461","6","1","1","ATGTGA","G","TCATAT"
"6-7-1","12482","6","7","1","AAACCT","GGCATGA","AGCTTT"
"7-2-0","12493","7","2","0","GAAGCTT","TG","AAGCTTC"
"6-0-1","12499","6","0","1","TTGAAG","","CTTCGA"
"6-8-1","12524","6","8","1","TTTCCC","CTAGTGTA","GTGAAA"
"7-0-1","12550","7","0","1","ACGGTTA","","TAACCTT"
"6-2-1","12556","6","2","1","ATAACC","TT","GGTTTT"
"6-6-1","12569","6","6","1","TGGCCA","TATTAT","TGGCAA"
"6-6-0","12573","6","6","0","CATATT","ATTGGC","AATATG"
"8-8-1","12656","8","8","1","GTATTTTC","TCTCTACC","GAAAATGC"
"8-1-0","12677","8","1","0","TGCCTGCG","C","CGCAGGCA"
"7-8-1","12696","7","8","1","AGCTCAA","CCAAGAAT","TTGATCT"
"6-5-1","12708","6","5","1","AATTTG","ATCTA","CAACTT"
"6-3-1","12815","6","3","1","AATTTC","CTT","GAATTT"
"7-5-1","12891","7","5","1","TGGCATA","AACAG","TATGTCA"
"6-10-1","12913","6","10","1","GCTCAA","TATATGCAAG","TTGTGC"
"7-0-1","12956","7","0","1","CTGCTGT","","AGAGCAG"
"6-9-1","12977","6","9","1","TTGTAT","GAGCTGGAG","ATATAA"
"6-9-1","12986","6","9","1","CTGGAG","ATATAAGTG","CACCAG"
"6-2-1","13005","6","2","1","AGATTT","AC","AAATTT"
"6-7-1","13016","6","7","1","TTTTGT","CCTTGAT","ACCAAA"
"8-7-1","13018","8","7","1","TTGTCCTT","GATACCA","AAGGAAAA"
"6-7-0","13045","6","7","0","ACCGGA","ACCGCAG","TCCGGT"
"10-5-1","13045","10","5","1","ACCGGAACCG","CAGTC","CGGTTCTGGT"
"8-3-1","13075","8","3","1","AGCATGGC","CGA","GTCATGCT"
"6-7-1","13164","6","7","1","CCTGCC","GAAAAAT","GGGAGG"
"8-4-1","13187","8","4","1","GAATTTTG","TGAT","CAAACTTC"
"6-0-1","13262","6","0","1","AGCCTT","","AAGGTT"
"6-0-1","13299","6","0","1","TAAATA","","TTTTTA"
"7-4-1","13299","7","4","1","TAAATAT","TTTT","ATTTTTA"
"7-4-1","13304","7","4","1","ATTTTTA","TTTT","TATAAAT"
"6-0-1","13310","6","0","1","ATTTTT","","ATAAAT"
"6-6-1","13348","6","6","1","GTACCA","TCATTC","TGTTAC"
"6-3-1","13358","6","3","1","TCTGTT","ACC","AACACA"
"6-5-1","13368","6","5","1","ACACAG","TTGCG","CTGTCT"
"7-7-1","13397","7","7","1","ATTGCCC","TCGTGTG","GGGCATT"
"6-4-1","13416","6","4","1","TTTACA","CTCT","TGTCAA"
"6-0-1","13468","6","0","1","CTTCCT","","AGGTAG"
"8-2-0","13516","8","2","0","CTCTGACG","GA","CGTCAGAG"
"6-6-1","13548","6","6","1","CAACAA","CCGCCT","TTGTGG"
"6-7-1","13549","6","7","1","AACAAC","CGCCTTT","GTGGTT"
"6-4-1","13552","6","4","1","AACCGC","CTTT","GTGGTT"
"6-1-1","13610","6","1","1","GACTTT","C","AAAGAC"
"6-6-1","13623","6","6","1","TCGTGC","TTGGGG","GCAAGA"
"6-4-1","13626","6","4","1","TGCTTG","GGGG","CAAGAA"
"8-9-0","13649","8","9","0","TCAAAAGG","AGCGGTTAA","CCTTTTGA"
"6-8-0","13668","6","8","0","TTTTGA","AGTATGTC","TCAAAA"
"7-1-1","13725","7","1","1","CAACTTA","A","TCAGTTG"
"7-2-0","13729","7","2","0","TTAATCA","GT","TGATTAA"
"7-3-0","13746","7","3","0","GCATTGC","TTC","GCAATGC"
"6-0-1","13867","6","0","1","TACAAA","","TGTGTA"
"8-10-1","13867","8","10","1","TACAAATG","TGTAGATCCT","CATTGGTA"
"8-2-1","13893","8","2","1","ACCTTGTT","CA","ATCAAGGT"
"6-10-1","13897","6","10","1","TGTTCA","ATCAAGGTGG","TGGACA"
"7-3-1","13964","7","3","1","CATGCTT","CCA","ACGCATG"
"8-6-1","14009","8","6","1","TAATTCTT","CTGCTT","AAGAGTTA"
"8-1-1","14025","8","1","1","GAGTTACA","A","TGTAAGTC"
"6-9-1","14045","6","9","1","TCAGTC","AGATGCAGC","GACTCA"
"6-0-1","14073","6","0","1","GTAATT","","AATTGC"
