"ID"	"POSITION"	"LENGTH"	"RIZ"	"RIZGRICHNESS"	"LINKER"	"REZ"	"MODEL"	"STRAND"	"RLOOPGRICHNESS"	"G3"	"G4"	"GN"
"1"	"27835"	"154"	"GGGAGCCGGGGGGCGTATGGG"	"0.6666666666666666"	"CCGCCA"	"GTTGATTCAGGCGGCACTGGCATTAGAAGGCGTGCAGCTGGGCGCGGCGCTGGAGCGCGAAGGATCTTCTTTACTGGGCAGCGACGCCGGTGAGCTGGCTGGTGCAGGGAAAACAGGCGTTACCGTG"	"RIZ  3G  cluster  (m1)"	"+"	"0.42857142857142855"	"6"	"1"	"1"
"2"	"525377"	"176"	"GGGGTCGGCAAGTGGGTTTCGGG"	"0.5652173913043478"	"TGAGGGTTTGCATTAACGCCCCGGCAAGGCCAA"	"GCGCGCCGCCTGCCAGTAAACCGGCAAGGGTACGCGGCAGCCGCGCGTCGAGCACGATGGTGCAGTCGGCGCTCTGGCAGGTGCCGGAGAAGGCCTCCAGCACTACGGAAGCGGGGAGTG"	"RIZ  3G  cluster  (m1)"	"+"	"0.4034090909090909"	"6"	"2"	"0"
"3"	"668654"	"117"	"GGGCGCGGGCGCTGGG"	"0.6875"	"T"	"GACGAGCGAGAAGAGATTGGCCGGGTGATCACCGATTTTGATGCGGCGCTGCAGTCAAACGATATGGCCCGCGTCGATGAGGTCAGGCGGCGGGCGAGCG"	"RIZ  3G  cluster  (m1)"	"+"	"0.4358974358974359"	"5"	"0"	"0"
"4"	"727233"	"176"	"GGGCGAGACCTGGGAAGAGGCCGTGGG"	"0.5555555555555556"	"CGAAAAACTCGATCACCAGGTACTGATGGATAAGGTTGTGCCTTACA"	"CGGCAACGGTGCCTGTCCGGGTGGTTTATCTGACGGCGGGCATTGACTCGCAGCGAAACCGTTTTGAGATGTATGTCTGGGGGTGGGCTCCGGGAGAGGAAG"	"RIZ  3G  cluster  (m1)"	"+"	"0.3806818181818182"	"8"	"1"	"1"
"5"	"735713"	"205"	"GGGCGCGGGGGCGGAGAGGG"	"0.75"	""	"TTCTGTCGCTGAGCGGTATGGGGACCATTGAGAATGCCGGGGATGATGATCATGAGGCGCTGACGCCGGAAAAGTCCTGACGCGGGAAATGCAGTTTGTCATGCGGCTTGCCCGGGAGTTCCGGCGGGCAGACTGGCGGCGGATGCTGTCGGATATGTCGGCCACTGAGCTTGGTGAGTGGGGCG"	"RIZ  3G  cluster  (m1)"	"+"	"0.43414634146341463"	"9"	"4"	"1"
"6"	"1250799"	"133"	"GGGTTTAGGCGTGGGAGCGGG"	"0.6190476190476191"	""	"TTCAGGCGTAGGATCGGGGTTGACTATGGGAGGCTGAGCGGGAGCTGGTGTGGGTTCAGGATTAGGAGTCGGTTCCGGAACTGTCCCGGAAGCGTAAAGCTCCCAGTTAGTG"	"RIZ  3G  cluster  (m1)"	"+"	"0.43609022556390975"	"7"	"1"	"0"
"7"	"1334190"	"128"	"GGGCAACGGGAGTCATGGG"	"0.5263157894736842"	"AAGCCGCCT"	"GCTGCTCGGGATGCATTGGCCACGCGATCTGGTGGTAGCTACGTTGATTTCGTGGGCGCTGGTGGCGGTGGCAACGTGGCTTGCGCAACGAATTTGTGGG"	"RIZ  3G  cluster  (m1)"	"+"	"0.40625"	"6"	"0"	"0"
"8"	"3092796"	"145"	"GGGTCAGTGGCGGGCGGG"	"0.6666666666666666"	"ATATTGTTCAGTCCACTGGGACCATTT"	"GGTGCACTGACAGGGCGTGTGGTTGGCGGTGTTCTGGGGGGAATGATTGCCTCCGCTGTATCAGGAAAAATTGCCGGAGCGCTGGTTGAAGAAGATCGCG"	"RIZ  3G  cluster  (m1)"	"+"	"0.3931034482758621"	"6"	"1"	"1"
"9"	"3687732"	"188"	"GGGCTCTCTCGTGGGCGCGGG"	"0.5238095238095238"	"TATTGGTGCGCTCTCTTCTTCGAAGAA"	"AGATCGCGGTAAAGGCGCGCTGATTGGCGCAGCAGCAGGCGCAGCTCTGGGCGGCGGCGTGGGTTATTACATGGATGTGCAGGAAGCGAAGCTGCGTGACAAAATGCGCGGCACTGGTGTTAGCGTAACCCGCAGCGGGG"	"RIZ  3G  cluster  (m1)"	"+"	"0.3882978723404255"	"6"	"1"	"0"
"10"	"4158049"	"144"	"GGGGCTTGGGCGAGCCTGTAGGGG"	"0.5833333333333334"	"CGTTGACCAACAGCCTGACT"	"CAGTGGCTTCAGGGGATGCAGCAGGGCAGCATTGTTATGCTGGCGGTGATCATGGGGCTGATGCTGGCGTTCGATATGGGCGGTCCGGTTAACAAAGTGG"	"RIZ  3G  cluster  (m1)"	"+"	"0.4027777777777778"	"7"	"4"	"0"
"11"	"3261873"	"171"	"GGGGGAGACGGGTGGAGGGG"	"0.75"	"A"	"GGAAAGTCCGGGCTCCATAGGGCAGGGTGCCAGGTAACGCCTGGGGGGGAAACCCACGACCAGTGCAACAGAGAGCAAACCGCCGATGGCCCGTGCAAGCGGGATCAGGTAAGGGTGAAAGGGTGCGGTAAGAGCGCACCGCGCGGCTGG"	"RIZ  3G  cluster  (m1)"	"-"	"0.43859649122807015"	"10"	"3"	"2"
"12"	"3261873"	"141"	"GGGCTCCATAGGGCAGGG"	"0.5"	"TGCCAGGTAAC"	"GCCTGGGGGGGAAACCCACGACCAGTGCAACAGAGAGCAAACCGCCGATGGCCCGTGCAAGCGGGATCAGGTAAGGGTGAAAGGGTGCGGTAAGAGCGCACCGCGCGGCTGG"	"RIZ  3G  cluster  (m1)"	"-"	"0.40425531914893614"	"7"	"1"	"1"
"13"	"2859170"	"123"	"GGGTGCTGGTGGTGGGACAGGG"	"0.6363636363636364"	"C"	"GGAGAGGCAGATAACCAGGAAATCGTTATGCTGGCAGAAAAGCTGGGAGCCGAAGTGGGCTACAGTCGGGCGCGAGTGATGAACGGTGGCGTTGATGCTG"	"RIZ  3G  cluster  (m1)"	"-"	"0.43902439024390244"	"6"	"0"	"0"
"14"	"2816566"	"126"	"GGGGCTGGGGCTGGGG"	"0.75"	""	"CTGGGGCTGGGGCTGGGGCTGGGGCTGGGCGCTGGCGTAACGGGTATCGCGCTCGAACAACCGGCGCTGATTGCTCTTGGCCTGGTCGGTGGTCTGTACCATCTGCTTAA"	"RIZ  3G  cluster  (m1)"	"-"	"0.4444444444444444"	"9"	"7"	"0"
"15"	"2816249"	"151"	"GGGTTTGCCGGGGAATGGG"	"0.5789473684210527"	"TTATCTATCAATCCTTCTTCAAACTGAGCAAT"	"AGCGGCGCGTTTGTTGCCCGTCTGCTGGGGCCGCTGCTCGCTGTGGGTCTGGCAATTACCGGTGCGCTGGCGGTGATGTGTATGGCGAAAGTCTATGGCG"	"RIZ  3G  cluster  (m1)"	"-"	"0.3509933774834437"	"5"	"2"	"0"
"16"	"1931668"	"205"	"GGGCGCGGGGGCGGAGAGGG"	"0.75"	""	"TTCTGTCGCTGAGCGGTATGGGGACCATTGAGAATGCCGGGGATGATGATCATGAGGCGCTGACGCCGGAAAAGTCCTGACGCGGGAAATGCAGTTTGTCATGCGGCTTGCCCGGGAGTTCCGGCGGGCAGACTGGCGGCGGATGCTGTCGGATATGTCGGCCACTGAGCTTGGTGAGTGGGGCG"	"RIZ  3G  cluster  (m1)"	"-"	"0.43414634146341463"	"9"	"4"	"1"
"17"	"619425"	"216"	"GGGTGGATAAGGCGGGCAAAGAGGG"	"0.56"	"CCCGAACCGGATACTGTATTTTCA"	"CACGGATGTGAACGGCGCGCCGGTAAGAGATGACGGACAGCGACGGGAAAATCGTGTGGGAGACGGGGTATCAGGTCTGGGGTAACACGATACAGGAGAAGGACCACGGCGGGGTGGAGCAGAACCTGCGCTACCAGGGACAGTACCTCGACAGGGAAACGGGGCTG"	"RIZ  3G  cluster  (m1)"	"-"	"0.39351851851851855"	"11"	"4"	"0"
"18"	"167073"	"174"	"GGGGGATCGGGG"	"0.75"	"ATCCCGGAAATT"	"GAAGGGGCGCTGGAAGATCAACGTCCTGTTCGCTGGTGGCGTGTATTGCCGGTGAAATTCTTTGGCGGGCTGGGGACACTCGGCGGAGGCATGGGGCTAGGGCGCGAAGGACCAACCGTGCAGATCGGCGGCAATATCAGTCGCATGGTG"	"RIZ  4G  cluster  (m2)"	"+"	"0.40804597701149425"	"7"	"5"	"1"
"19"	"532277"	"150"	"GGGGCGGGG"	"0.8888888888888888"	"CGATTGTCACT"	"GTGGCGTCCGACGCCGCACACACGGCGCGTATTGGTATGAGTGCTTATGGCGCATCGAAAGCGGCGCTGAAAAGCCTGGCGTTGAGCGTCGGGCTGGAACTGGCGGGTAGCGGCGTGCGCTGTAATGTGG"	"RIZ  4G  cluster  (m2)"	"+"	"0.41333333333333333"	"4"	"2"	"0"
"20"	"1024940"	"171"	"GGGGAAGGGG"	"0.8"	"AAGTGTCAGTGCGCATTCAGCAGGCTGACGACAGTAAAA"	"GTGAAATACAGGAGGCGATCTTCTGCGGATTATGGCGGGTGCGCAGACGTCGCGGCGAAAAGTTGCTGGAGGACAAACTGGAAGCTGGCTGCGCGCCGCTGGCGTTGTGGCAGGCGGCAACG"	"RIZ  4G  cluster  (m2)"	"+"	"0.39766081871345027"	"3"	"2"	"0"
"21"	"1803986"	"122"	"GGGGCTGAAGCGGGG"	"0.6666666666666666"	""	"CTACCGTCTGGCAGAGCAGGTCCTGATGCATGAGCCGCTGGCCCGGATGCGGTGGTGCGGCTGAGAGCCGCAGAGGGGAAGTTGCGTCCATTTTGAGGGAAACGGAG"	"RIZ  4G  cluster  (m2)"	"+"	"0.4344262295081967"	"4"	"3"	"0"
"22"	"1815138"	"122"	"GGGGCTGAAGCGGGG"	"0.6666666666666666"	""	"CTACCGTCTGGCAGAGCAGGTCCTGATGCATGAGCCGCTGGCCCGGATGCGGTGGTGCGGCTGAGAGCCGCAGAGGGGAAGTTGCGTCCATTTTGAGGGAAACGGAG"	"RIZ  4G  cluster  (m2)"	"+"	"0.4344262295081967"	"4"	"3"	"0"
"23"	"4562792"	"186"	"GGGGCGGGG"	"0.8888888888888888"	"CCAATCGGTCTGGGCGCGGCGGCAATCGCTAAAGCCGATGGCGCACA"	"GGTGGTGGTGGCGGATACCAGTCCGGCGCGCCGTGAACATGTGGCAACGCGTCTGGAGTTGCCCGTGCTGGACCCGTCAGCCGAAGATTTTGACGCGCAGCTGCGGGCGCAGTTTGGTGGTTCGCTGGCG"	"RIZ  4G  cluster  (m2)"	"+"	"0.40860215053763443"	"4"	"2"	"0"
"24"	"2816556"	"136"	"GGGGCTGGGG"	"0.8"	"C"	"TGGGGCTGGGGCTGGGGCTGGGGCTGGGGCTGGGCGCTGGCGTAACGGGTATCGCGCTCGAACAACCGGCGCTGATTGCTCTTGGCCTGGTCGGTGGTCTGTACCATCTGCTTAACCATAGCCTG"	"RIZ  4G  cluster  (m2)"	"-"	"0.4264705882352941"	"9"	"7"	"0"
"25"	"2816570"	"110"	"GGGGCTGGGG"	"0.8"	""	"CTGGGGCTGGGGCTGGGGCTGGGCGCTGGCGTAACGGGTATCGCGCTCGAACAACCGGCGCTGATTGCTCTTGGCCTGGTCGGTGGTCTGTACCATCTGC"	"RIZ  4G  cluster  (m2)"	"-"	"0.43636363636363634"	"7"	"5"	"0"
"26"	"2240254"	"223"	"GGGGATGAGCGGGG"	"0.7142857142857143"	"CGCAGCGTTTCCTGCATGTTCAGTTACCGCTGGCGTTACCGGTATTTCT"	"GCGCAGCCTGCGGGTGGTGATGGTGCAAACTGTAGGTATGGCGGTGATTGCGGCGTTAATCGGCGCAGGCGGTTTTGGTGCGCTGGTTTTCCAGGGGCTGCTAAGCAGCGCCATTGATTTAGTGTTGCTGGGGGTGATCCCGGTAATTGTTCTGGCGGTG"	"RIZ  4G  cluster  (m2)"	"-"	"0.38565022421524664"	"5"	"4"	"1"
"27"	"2056277"	"217"	"GGGGCGGGG"	"0.8888888888888888"	"AGCCAGCTGGCGCGTATGGTGGAAGTCTACCGTCAGACAGATCCTTTC"	"GGTGAACTGTATGTTATTGCAGTACCGGAAGCCAGAGGGGCGGCGGCGACGGTCAGGGTGACGGTTGCCGGAGAAGCAGAGGAAAGCGGCACCCTGAGTCTGTATGTCGGGCGCTCCCGTGTACAGGTGCCTGTGGTGAATGGCGATGATGCCACTGCGG"	"RIZ  4G  cluster  (m2)"	"-"	"0.39631336405529954"	"5"	"3"	"0"
"28"	"1091083"	"122"	"GGGGCTGAAGCGGGG"	"0.6666666666666666"	""	"CTACCGTCTGGCAGAGCAGGTCCTGATGCATGAGCCGCTGGCCCGGATGCGGTGGTGCGGCTGAGAGCCGCAGAGGGGAAGTTGCGTCCATTTTGAGGGAAACGGAG"	"RIZ  4G  cluster  (m2)"	"-"	"0.4344262295081967"	"4"	"3"	"0"
"29"	"1063191"	"122"	"GGGGCTGAAGCGGGG"	"0.6666666666666666"	""	"CTACCGTCTGGCAGAGCAGGTCCTGATGCATGAGCCGCTGGCCCGGATGCGGTGGTGCGGCTGAGAGCCGCAGAGGGGAAGTTGCGTCCATTTTGAGGGAAACGGAG"	"RIZ  4G  cluster  (m2)"	"-"	"0.4344262295081967"	"4"	"3"	"0"
